"keyNum","singleKey","apis"
"1","Barcodes Database","1232"
"2","","236","553","593","623","648","695","704","905","957","960","1086","1164","1167","1177","1239","1292","1330"
"3","Water","94","361","362"
"4","Books Books","463"
"5","Forms","4","639"
"6","Blockchain Bitcoin","339"
"7","Referrals","21","204","340","376","1050","1257","1384"
"8","Storage Security","373"
"9","England","279","289","426","589","1016","1144"
"10","Science Environment","79","361"
"11","Search Australian","802"
"12","Search Healthcare","354"
"13","Search Russian","1371"
"14","Addresses","8","643"
"15","Profiles","244"
"16","Mapping Australian","1297"
"17","SDK","1008","1188","1277"
"18","Syncing","333"
"19","Classification Search","1126"
"20","Tools Analytics","1029"
"21","Data Air Travel","412"
"22","Entertainment Catalogs","394"
"23","Food Localization","1059"
"24","Reference Wiki","1305"
"25","News Services Auto","580"
"26","Office Invoicing","1327"
"27","Travel Mapping","551","1256"
"28","Other Charts","483","549","1095"
"29","Translation Cloud","491"
"30","Advertising Monetization","465"
"31","Location Accounting","435"
"32","SEO","49","83","781","970","995","1030","1031","1036","1037","1287","1363","1384"
"33","Photos Mapping","545","637","877"
"34","Goals Classification","13"
"35","eCommerce England","596"
"36","Reference Database","446","734"
"37","Accounting","794","795"
"38","Medical Health","511","573","793","1317"
"39","Augmented Reality","684"
"40","Developers Collaboration","458"
"41","Charts","157","726","1191"
"42","Real Estate Classifieds","311"
"43","Financial Billing","147"
"44","Credit Cards","1117"
"45","Beer","133"
"46","Travel Air Travel","52","56","1008","1064","1187","1188"
"47","Recommendations","343","634","788","931","950","1000","1157","1388"
"48","Geography England","444"
"49","French","53","867","880"
"50","Jobs","165","209","210","287","401","477","934","1058"
"51","Hosting Management","577"
"52","Real Estate Addresses","1278"
"53","Food","392","415","634","793","1383"
"54","Government Italian","229"
"55","Printing","26","359","489","710","1174","1277"
"56","Social","14","30","35","130","163","194","205","222","253","268","268","284","286","305","315","319","351","368","393","428","429","430","504","541","551","563","579","603","632","636","645","657","698","700","735","797","820","836","857","858","868","870","893","907","919","936","965","1003","1009","1017","1018","1067","1069","1084","1093","1110","1133","1157","1169","1193","1203","1212","1230","1255","1282","1287","1293","1315","1333","1364","1375"
"57","Video Mobile","1263"
"58","Shipping Government","1246"
"59","Other Cloud","761"
"60","Payments Stocks","894"
"61","Hotels","52","56","594","595","1071"
"62","Gambling Data","137"
"63","Payments Credit Cards","953"
"64","Applications Monitoring","96"
"65","Tools Mapping","338","441","643","703"
"66","Audio","255","371","371","914","1230"
"67","Telephony Enterprise","610"
"68","Email","89","461","719","722","907","1349"
"69","Email Analytics","1032"
"70","Spreadsheets","951"
"71","Domains Hosting","1299"
"72","Events Social","1206","1251"
"73","Tourism","709","1064","1176"
"74","Politics Addresses","220"
"75","Feeds Real Time","1124"
"76","News Services Social","976","1191"
"77","Validation","1138","1234"
"78","Music eCommerce","121","739"
"79","eSports Database","22"
"80","Security Language","1290"
"81","Internet of Things Accessibility","211"
"82","Financial","106","159","204","206","272","406","423","678","733","833","886","894","937","1117","1159","1329"
"83","Blogging","44","175","530","550","654","927","1205","1217","1218","1282","1289","1311"
"84","Sports Fantasy Sports","1341"
"85","Documents Conversions","599"
"86","Data File Sharing","333"
"87","European","178","225","287","387","1256"
"88","Tools Editing","548"
"89","Bookmarks Collecting","714"
"90","eCommerce Discounts","301","1128"
"91","Storage","14","185","238","240","313","333","738","761","766","837","909"
"92","Government Australian","105"
"93","Enterprise Government","984"
"94","Video","92","171","188","359","609","619","645","660","668","676","747","748","813","843","844","871","896","997","1000","1006","1063","1131","1146","1182","1243","1258","1259","1267","1272","1321","1347"
"95","Events Database","735"
"96","Enterprise Social","1179"
"97","Video Messaging","1026"
"98","Mapping African","8"
"99","Bookmarks Reference","1398"
"100","Government Crime","1010","1227"
"101","Coupons","266","604","634","1376"
"102","Travel Localization","880"
"103","Logistics","709"
"104","Library Books","641"
"105","Photos Video","411"
"106","Keywords","995"
"107","Social Mobile","556"
"108","Design Business","18"
"109","Music Social","170","852","1088","1102","1157","1168","1219","1281"
"110","Feeds Social","818"
"111","eCommerce Mobile","769"
"112","Tagging Analytics","1159"
"113","Bitcoin Currency","158"
"114","Government Cities","941"
"115","Location Customization","646"
"116","Analytics Mobile","767"
"117","API Predictions","1181"
"118","Financial Data-as-a-Service","678"
"119","Other Classification","1172"
"120","News Services Music","829"
"121","Hardware","278"
"122","Recommendations Directories","54"
"123","Security Reputation","799"
"124","Blogging Search","1388"
"125","Salesforce","1009"
"126","Reference Extraction","299"
"127","Transportation Cycling","1144"
"128","Enterprise Campaigns","733"
"129","Applications","84","211","909"
"130","Screenshots Images","875"
"131","Science Astronomy","801","856","1021"
"132","Reference Data","833","1114"
"133","Weather Government","804","824"
"134","Transcoding","1262"
"135","Health Fitness","353","1276"
"136","Animals Adoption","980"
"137","Office Email","872"
"138","Travel Reservations","595"
"139","Search Machine Learning","148"
"140","Asia","835"
"141","Tools Testing","772"
"142","Database Search","478"
"143","Food Restaurants","845"
"144","Music Events","655","1089"
"145","Indian","266","671"
"146","Real Estate Search","606"
"147","Community","244","267","1026"
"148","Sentiment Semantics","864"
"149","Bookmarks","259","315","638","920","968","1040"
"150","Media Movies","997"
"151","File Sharing Search","403"
"152","eCommerce Marketing","932"
"153","Personal Information Management Tasks","218","324","547","828"
"154","Marine","823"
"155","Purchasing","634","659","1119"
"156","Tools Chat","935"
"157","Science Government","362"
"158","Wi-Fi Mobile","846"
"159","Security Tools","657"
"160","Sports Auto","363","779"
"161","Advertising Referrals","468","938"
"162","Mapping Wiki","630"
"163","URLs","781"
"164","Calendars","912","1251"
"165","Blogging Forums","318"
"166","Government Search","554","849"
"167","Government Mapping","1229"
"168","Wearable","293","353","409","435","451","890"
"169","Tools Photos","111"
"170","eCommerce Art","366"
"171","Electronic Signature Contracts","321"
"172","Tools Health","658"
"173","Social Demographics","383"
"174","Government Demographics","1240"
"175","Transportation Geography","1222"
"176","Medical","113","354"
"177","Location Addresses","522"
"178","Catalogs","155","856","1113","1175"
"179","Messaging Tools","71","196"
"180","Education Business","936"
"181","Organization","805","1269"
"182","Social Design","418"
"183","Networking","95","1300"
"184","Social Data","1173"
"185","Text Analytics","1005"
"186","Search Customization","1355"
"187","Recommendations Business","1373"
"188","Education Content Management","405"
"189","Dieting","793"
"190","Home Automation","60","278"
"191","Events","121","279","287","564","779","880","911","964","1080"
"192","Database Office","282"
"193","Other Community","1080"
"194","Books","365","591","689","710","1332"
"195","Plugins","1320"
"196","USA","133","204","291","433","589","855","1140","1195","1209","1240"
"197","Photos Editing","112","616","898","902","910"
"198","Tools Music","912"
"199","Events Activity Streams","24"
"200","eBooks","591","969"
"201","Text","115","161","231","295","1029","1163"
"202","Personal Information Management Data","939"
"203","Games Animation","1230"
"204","Meme","909"
"205","eCommerce Coupons","17","300","455","561","985","1322"
"206","Enterprise","105","124","147","185","203","282","346","570","633","863","925","951","975","1118","1264"
"207","Weather Marine","94"
"208","Advertising Marketing","119","464","467","863","1228"
"209","Music Semantics","786"
"210","Reference Math","830"
"211","Music Entertainment","1175"
"212","Law","113","734","849"
"213","Storage Media","402"
"214","API Strategy","1188"
"215","Travel Recreation","1257"
"216","Mapping England","869"
"217","Personal Information Management Classification","370"
"218","Social Open Source","834"
"219","Telephony Cloud","671","918","1195","1208"
"220","Tools Education","295"
"221","Random","322","830","986"
"222","Search Images","456","901"
"223","Education","55","279","315","419","419","701","745","776","1015","1224"
"224","Addresses Location","276"
"225","Cycling Community","145"
"226","Social Webhooks","379"
"227","News Services Semantics","231"
"228","Personal Information Management Lists","1171"
"229","Security Authentication","486","539","552","1261","1310","1340"
"230","SQL","1070"
"231","Q&amp;A Social","602"
"232","Content Collaboration","185"
"233","Taxes","554"
"234","Photos Conversions","616"
"235","Web Site Management","875","1228"
"236","Messaging USA","77"
"237","Library","802","1332"
"238","Predictions Machine Learning","531"
"239","Images Photos","908"
"240","Weather Data","822"
"241","Project Management Collaboration","124","234","639","666","1190"
"242","eCommerce Localization","413"
"243","Email Protocol","75"
"244","Advertising Financial","754"
"245","Other Bookmarks","966"
"246","eCommerce Blogging","1320"
"247","File Sharing Torrents","400"
"248","Quantified Self","293"
"249","Reference Religion","140","365"
"250","Auto","1367"
"251","Publishing","529","569","710","879"
"252","Messaging Telephony","237","426","587","1209","1268","1381"
"253","Bots Chat","757","1065"
"254","Other Sustainability","212"
"255","Real Estate England","812","1397"
"256","Project Management Tasks","245"
"257","Mapping Semantics","1342"
"258","Blogging Business","1221"
"259","Search Movies","1152"
"260","Messaging Business","1074"
"261","Telephony Text-to-Speech","1271"
"262","Movies Actors","1150"
"263","News Services","315","390","391","432","778","817","880","987","1132","1150","1241"
"264","VoIP","87","993"
"265","Mapping Advertising","644"
"266","Recommendations Movies","999","1182"
"267","Other Feeds","428"
"268","Analytics","39","193","356","377","470","532","633","720","766","816","835","1173"
"269","Storage File Sharing","921"
"270","Mail","925","1246"
"271","Animals","895","980","1223"
"272","Project Management","458","563","951","975","983"
"273","Collaboration","163","351","563","690","935","951","1065","1066","1068","1328"
"274","HTML5","84","599","600"
"275","Backend URLs","39"
"276","Photos Social","15","195","622","702","770","1077","1205","1375","1396"
"277","Travel Rentals","42"
"278","Chat Real Time","563"
"279","Office Conversions","86"
"280","Office Documents","320"
"281","Framework Application Development","677"
"282","Entertainment","128","898","1201"
"283","URL Shortener URLs","156"
"284","Tools Cloud","472"
"285","eCommerce Sales","345"
"286","News Services Media","297"
"287","Support Business","1389"
"288","Sports Education","1101"
"289","Search Spanish","608"
"290","Currency","160","162","164","172","208","246","248","249","251","274","585","673","707","736","768","814","1265"
"291","Social Events","743"
"292","Office Project Management","116"
"293","News Services Metadata","1151"
"294","Recognition Images","758"
"295","Ride Share Transportation","711"
"296","Social Books","969"
"297","Tools Colors","253"
"298","Government Brazilian","187"
"299","Search Charts","931"
"300","Database Background","627"
"301","News Services Localization","873"
"302","Education Training","102","1318"
"303","Enterprise Office","913"
"304","Food Database","415"
"305","Charity","835","1080"
"306","Recognition","378","650","821","909","973","1163"
"307","API Management","1188"
"308","Mapping Domains","635"
"309","Art","101","279","388"
"310","News Services Location","879"
"311","Other Crowdsourcing","68","271"
"312","Enterprise Business","125"
"313","Photos Animals","31"
"314","Sales eCommerce","691"
"315","Intelligence Analytics","293"
"316","Enterprise Marketing","356","601"
"317","Tweets","995"
"318","Holidays","287","589"
"319","Social eCommerce","450"
"320","Shipping Enterprise","396"
"321","Protocol","1032"
"322","Marketing Data","781"
"323","Messaging Social","1218"
"324","Photos Blogging","200","315","1212"
"325","Web Site Management Monitoring","525"
"326","Nature","94"
"327","Search Keywords","1288"
"328","Media Video","560","868"
"329","Automation","469","529","835","951","1385"
"330","Messaging Customer Relationship Management","268"
"331","Religion","139","140","365","912"
"332","Wearable Data","502"
"333","Messaging Collaboration","1067"
"334","Hobbies","779"
"335","Feeds Customer Relationship Management","406"
"336","Music","103","126","241","317","369","375","615","621","641","645","645","656","664","679","735","787","860","868","991","1000","1053","1079","1090","1120","1162"
"337","Fire","983"
"338","Tagging","995"
"339","Writing","394"
"340","Other Semantics","1121"
"341","Office Cloud","489"
"342","Feeds","40","159","266","398","1010"
"343","Music Search","312","685","712","1339"
"344","Wiki Reference","298"
"345","News Services Big Data","1287"
"346","Mapping Mapping","447","956"
"347","Other","45","46","270","1200"
"348","eCommerce Customization","202","1387"
"349","TV","126","284","653","868","871","997","1146","1182","1202"
"350","Compliance","984"
"351","Social Activity Streams","530"
"352","Reference Business","1302"
"353","Countries","835"
"354","eCommerce Aggregation","604","634","1376"
"355","Media Photos","619","645","896"
"356","Chat Applications","782"
"357","File Sharing Documents","559","651"
"358","Financial Reference","335"
"359","North America","204"
"360","Application Development","359","438","438","492","568","708","772","772","772","835","975","1002","1188","1385"
"361","Prices","159","247","250","634","930","930","1064","1071","1222"
"362","Real Estate Nordic","182"
"363","Education Games","954"
"364","Advertising Mapping","680"
"365","Gadgets","550"
"366","Mapping Localization","433","519","1237"
"367","Video Games","653"
"368","Search","51","57","119","135","167","182","231","352","372","422","453","465","467","480","494","535","562","701","755","769","807","812","842","848","873","907","908","934","943","958","966","970","1035","1058","1064","1069","1127","1148","1151","1187","1248","1287","1303","1359","1360","1366","1373"
"369","Tickets","368","605","948","1023","1119","1162","1184"
"370","Economics","694","1156"
"371","Real Estate Q&amp;A","972"
"372","Risk Assessment","178"
"373","Internet of Things Automation","60"
"374","Personal Information Management Office","586"
"375","Personal Information Management Contacts","1306","1307"
"376","Music Internet of Things","1092"
"377","Business Messaging","1295"
"378","Government Nordic","230"
"379","Search Application Development","492"
"380","Government New York City","831"
"381","Travel Booking","232","376","605","990","1176","1186"
"382","Social Enterprise","692"
"383","Database NoSQL","62"
"384","Beauty","919"
"385","Q&amp;A Messaging","215"
"386","Gambling","22","1099"
"387","Tools ERP","346"
"388","Sports API","1100"
"389","Jobs Search","628","663"
"390","Storage Hosting","811"
"391","Fishing","24"
"392","Mapping Database","213","1057"
"393","Photos","9","18","47","90","110","420","422","444","528","609","618","801","868","899","900","901","904","926","996","1076","1078","1291","1312","1329","1390"
"394","Music Reference","146","1374"
"395","Chat Telephony","430"
"396","Social Community","438","805"
"397","Movies","177","404","641","653","780","1000","1201","1262"
"398","Dashboards","131","469","1255"
"399","Reference Auto","348"
"400","Notes","370","639"
"401","eCommerce Fashion","1050"
"402","Nutrition Fitness","392"
"403","Travel Recommendations","1193"
"404","Enterprise Jobs","1038"
"405","Feeds Blogging","176","393"
"406","Email Marketing","7","203","260"
"407","Mapping Geography","724"
"408","Government Sustainability","590"
"409","News Services Customization","407"
"410","Recommendations Localization","700"
"411","Other Mobile","652","684"
"412","Tools Documents","115"
"413","News Services Books","1149"
"414","Healthcare Community","977"
"415","Photos Mobile","636","903","973","1110"
"416","Medicine Medical","1109"
"417","Feeds News Services","399","1127"
"418","Applications Content Management","261"
"419","Office Design","26"
"420","Music Database","129","285"
"421","Social Fitness","1112"
"422","Storage Office","34"
"423","Analytics Marketing","669"
"424","Storage Social","332","1333"
"425","Travel German","1185"
"426","Storage Backup","1123"
"427","Support","1039","1125"
"428","Backend Mobile","881"
"429","Sports TV","99"
"430","Sports Data","1099"
"431","Government Reference","358","485","1085"
"432","Discounts","597","604","604"
"433","Social Forums","1247"
"434","Privacy","894"
"435","Social Localization","562"
"436","Financial Banking","178","670"
"437","Reference Language","419"
"438","Mapping Reporting","1379"
"439","Classification","82","835","1012","1388"
"440","Jobs European","367"
"441","Database","76","128","266","348","457","511","625","712","835","1107","1126","1234"
"442","Blogging Romanian","222"
"443","Payments Financial","686","687","884"
"444","Semantics SEO","1254"
"445","Social Real Time","384","1216"
"446","Advertising Jobs","1058"
"447","Mapping Accounts","1018"
"448","Office Personal Information Management","523"
"449","Advertising SEO","466"
"450","Performance SEO","526"
"451","Tools Charts","581","582"
"452","Transactions","642"
"453","Crime","627","1379"
"454","Games Entertainment","296"
"455","Payments eCommerce","64","106","773","883","886","1025"
"456","QR Codes","483"
"457","Mapping Crime","1378"
"458","Chat Messaging","584","748","843"
"459","Collaboration Contacts","983"
"460","Nordic","406","554"
"461","Natural Language Processing Language","161"
"462","Business eCommerce","1011"
"463","Spam","533"
"464","Transportation Standards","565"
"465","Aggregation","17","297","835"
"466","Hosting Cloud","1014"
"467","Other Internet of Things","874"
"468","Data Mining Data","625"
"469","Reporting Analytics","469"
"470","Travel Transportation","154"
"471","Big Data Conversions","1107"
"472","Verification","208","1114","1115"
"473","Internet of Things","48","58","435","764","890","890","890","1317"
"474","Social Email","926"
"475","Chat Social","381"
"476","Events Music","698"
"477","Project Management Enterprise","104","257","690","981","1328"
"478","Reference Energy","439"
"479","Competitions","1031"
"480","Email Advertising","720"
"481","Bitcoin Cryptocurrency","585"
"482","Search Social","1081","1082","1215"
"483","Authentication","88","132","349","613","657","859","1169"
"484","Backend Backend-as-a-Service","84","952"
"485","Ride Share","1112"
"486","Data-as-a-Service Analytics","1031"
"487","Cloud Application Development","576"
"488","Streaming Audio","1006"
"489","Open Source","458","776"
"490","Music Video","1353"
"491","Intelligence","758","907","1008","1031","1141","1395"
"492","Internet of Things Bluetooth","1145"
"493","Education Reference","853","1016","1226"
"494","Tools Application Development","221","457","487","568","919"
"495","Search Real Time","252","391"
"496","Backend Hosting","240"
"497","Astronomy Weather","715"
"498","Events England","437"
"499","Financial Russian","122"
"500","Social Web Site Management","1060"
"501","Reference Ratings","701"
"502","Mapping French","448"
"503","Financial Invoicing","168"
"504","eCommerce Classifieds","841","1309"
"505","Media","331","566","598","761","1152","1287","1369"
"506","Government England","1155"
"507","Translation Language","762"
"508","Domains Marketing","1300"
"509","Fitness Wearable","1274"
"510","Video Blogging","5"
"511","Non-Profit","325","670","1315"
"512","Tools Enterprise","1007"
"513","Travel Travel","1286"
"514","Open Data","823","977","1378"
"515","Content Management","185","1006","1324","1325"
"516","Other Widgets","612"
"517","Rewards","634","1276"
"518","URL Shortener Advertising","1334"
"519","Reservations","376","948","1176"
"520","Social Identity","958"
"521","Telephony Language","721"
"522","Other Contacts","493","1336"
"523","Localization","17","32","224","301","514","522","596","873","891","959","1035","1331","1348","1372","1373","1378","1393"
"524","Telephony Chat","1063"
"525","Jobs Human Resources","982"
"526","Social Russian","832"
"527","Reference Science","459","917","1104"
"528","News Services Mobile","567"
"529","Sports Community","1003"
"530","Q&amp;A Reference","1338"
"531","Data","155","226","264","292","293","469","478","478","566","631","705","835","873","907","965","1008","1010","1031","1100","1115"
"532","Enterprise Chat","37"
"533","Wiki Search","1304"
"534","Other Applications","507"
"535","Database Data","199","386","633","1358"
"536","Weather","23","79","189","446","749","1283","1284"
"537","Database SQL","490"
"538","URL Shortener","1052","1054"
"539","REST","204","1008"
"540","Rentals","19","93","1064"
"541","Tools Collaboration","1069"
"542","Wiki","299","538","763","840"
"543","Chat Business","205"
"544","Politics","1136"
"545","Sports Games","1293"
"546","Spreadsheets Data","536"
"547","Tools Surveys","4"
"548","Stocks","406","678","736","1156","1156","1156"
"549","Other Bluetooth","890"
"550","Financial Accounting","336","427","794","825","1335"
"551","Media Content","871"
"552","Mail Addresses","1138"
"553","Video Audio","424"
"554","Transportation Air Travel","709"
"555","Design","101","134","253","275","992"
"556","Advertising Email","681"
"557","Science Library","155"
"558","Bookmarks Social","28","141","303"
"559","Payments Social","1250"
"560","Mapping Government","1244"
"561","Video TV","665","1154"
"562","Tools Text-to-Speech","650"
"563","Mapping Viewer","149","302","513","723","730","756","854","861","947","1351"
"564","Images","18","322","545","581","582","616","616","616","909","1099","1100"
"565","Forms Business","417"
"566","Other Design","107","275","329","674"
"567","Social Mapping","408","422","915","1044"
"568","Bots Cloud","1141"
"569","Events Calendars","369","1233"
"570","Real Estate","38","307","978","1197"
"571","Jobs Business","694"
"572","Natural Language Processing Cloud","309"
"573","Refunds","204"
"574","Analytics Metadata","471"
"575","Music England","127"
"576","Chat API","747"
"577","Grocery","415","634"
"578","Sports Mapping","436"
"579","Chat Automation","184"
"580","Transportation Mapping","1367"
"581","News Services History","1147"
"582","Financial Business","1392"
"583","Q&amp;A Classification","955"
"584","NoSQL","1070"
"585","Sales","67","234","343","359","601","659","953","988","1048","1249","1395"
"586","Database Platform-as-a-Service","72","166"
"587","RDF","299"
"588","Drones Military","330"
"589","Cryptocurrency","159","173","174","246","339"
"590","Web Site Management Aggregation","766"
"591","Measurements","1083","1317"
"592","Artificial Intelligence","48","1275"
"593","Search Mapping","1348"
"594","Email Spam","1094"
"595","Scheduling","390"
"596","Email Newsletter","1033"
"597","Social Blogging","481","790","927","1129","1134","1199","1204","1210","1213","1214","1294"
"598","Jobs Government","1242"
"599","Postcodes","729"
"600","Reporting","26","204","434","471","666","705","988"
"601","Enterprise Contacts","583"
"602","Statistics","235","256","483","833","1240","1264","1273"
"603","Q&amp;A","700","700","836"
"604","Search Food","183","1383"
"605","Sentiment","115","161","1029"
"606","eCommerce Japanese","591","963"
"607","Calendars Extraction","1163"
"608","Video Social","1252","1255"
"609","Social Tools","979"
"610","Text-to-Speech","588","629","916","918","1208"
"611","Photos API","1277"
"612","Office Enterprise","498","887","1019","1020","1072"
"613","Entertainment Animals","322"
"614","Search Audio","1131"
"615","eCommerce Search","224","344","537","1362"
"616","Travel Social","327"
"617","Medical Reference","355","803"
"618","Printing 3D","933"
"619","Customer Service","389","452","1249"
"620","Mapping Real Estate","891"
"621","Social Advertising","380","683"
"622","Science Search","1223"
"623","Music Images","388"
"624","eCommerce","3","65","66","78","80","109","136","158","172","173","174","186","204","216","243","254","255","266","341","342","484","652","672","693","710","716","885","914","929","953","1022","1025","1046","1049","1059","1149","1232","1373","1386"
"625","Semantics","161","298","299","372","450","721","737","1012","1034","1126","1196","1319","1383","1388"
"626","Enterprise Accounting","258"
"627","Government Korean","1136"
"628","Ordering","204","814"
"629","Lyrics","712"
"630","Visualizations","253","483","549","581","724","725","777","1191"
"631","Search Analytics","1036"
"632","Business","37","166","168","204","237","242","260","262","320","359","387","427","449","601","610","775","779","818","838","932","965","974","975","1036","1038","1059","1179","1314","1335"
"633","Email Enterprise","473"
"634","Data-as-a-Service","835","1100"
"635","API Data","287"
"636","Financial Validation","201"
"637","Tools Wiki","540"
"638","Music Applications","1354"
"639","Search Q&amp;A","1196"
"640","Weather Nordic","826"
"641","Transportation Scheduling","1183"
"642","Mapping Environment","350"
"643","File Sharing Storage","331","351"
"644","Database Database-as-a-Service","774"
"645","Other Licensing","267"
"646","Domains","2","63","488"
"647","Rewards Advertising","389"
"648","Social Art","306"
"649","Search Summary","1034"
"650","Loyalty","634"
"651","Office Spreadsheets","347","542"
"652","Sports Social","283"
"653","Social Bookmarks","29"
"654","Security Captcha","533"
"655","Other Words","1198"
"656","Subscriptions","529"
"657","Flowers","413","413","413"
"658","Messaging England","1"
"659","PDF","86"
"660","Language","115","231","419","491"
"661","Government Business","198"
"662","Video Search","91","169","741","1260","1369"
"663","Shipping","308","413","814","1115","1178","1235","1382"
"664","Transportation Government","123"
"665","Payments Indian","967"
"666","International","204","214","264","835"
"667","Streaming","16","739","871","1168"
"668","Spelling","1323"
"669","Nutrition","415"
"670","Media England","126"
"671","Data-as-a-Service Contacts","1395"
"672","Restaurants","183","415","988","1059","1059","1393"
"673","Fantasy Sports","22","1099","1100"
"674","Medical Data","613"
"675","eCommerce Books","177","316"
"676","Telephony Tools","916"
"677","Internet of Things Backend","131"
"678","Video Photos","1120"
"679","Payments Billing","974","1117"
"680","Loans","178"
"681","Tools Design","661"
"682","Chat File Sharing","87"
"683","Enterprise Project Management","682"
"684","Payments","158","172","208","246","281","696","736","814","1047"
"685","Enterprise Accounts","532"
"686","Social Chat","1243"
"687","Mapping Search","153","443"
"688","Fax Email","640"
"689","Semantics Natural Language Processing","82"
"690","Reference Audio","1053"
"691","Social Classification","12"
"692","Search Books","21","479"
"693","Other Government","81"
"694","Enterprise Customer Service","1125"
"695","Games Mapping","1024"
"696","Natural Language Processing","231","372","452","476","1004","1005","1275"
"697","Security Identity","88","132","524","1169"
"698","Search Auctions","341","342"
"699","Science Education","1231"
"700","Environment Sustainability","189"
"701","Other Books","139","181","569","878","1042"
"702","Standards Books","688"
"703","Documents","238","321","328","328","339","639","745","887"
"704","Travel Real Estate","93"
"705","Collaboration API","975"
"706","Data-as-a-Service Aggregation","1234"
"707","Reference Translation","1153"
"708","Data-as-a-Service Accounting","835"
"709","Analytics Dashboards","705"
"710","ERP","1011"
"711","Semantics Text","377"
"712","Reference Time","1165"
"713","Tools Advertising","624"
"714","Upload","306","903"
"715","Weather API","1331"
"716","eCommerce Customer Relationship Management","988"
"717","Energy","358","590"
"718","Accounting Enterprise","642"
"719","Education Data","806"
"720","Blogging Feeds","398"
"721","Robots","550"
"722","Monitoring","238","352","766","989","1031","1280"
"723","Analytics Microservices","434"
"724","Telephony Voice","588","993"
"725","Telephony VoIP","41","190","242"
"726","Wi-Fi","518"
"727","Social TV","765"
"728","Government","207","214","220","227","228","290","304","361","395","414","555","614","727","805","819","847","851","889","1192","1329","1378"
"729","Social European","1266"
"730","COVID-19 Coronavirus","264"
"731","Tools","14","43","112","204","261","288","330","431","475","520","526","536","590","600","625","646","690","874","936","939","977","1058","1225","1300"
"732","Database Enterprise","1070"
"733","Entertainment Publishing","279"
"734","Healthcare Applications","451"
"735","Music Media","609"
"736","Mobile","194","204","240","370","380","422","430","514","518","629","672","700","703","766","770","901","909","994","1074","1141","1145","1295"
"737","Telephony Messaging","994","1140"
"738","Sports News Services","364"
"739","Education Animals","100"
"740","Webhooks","104","269","309","384","457","472","481","637","718","1014","1032","1067","1208","1389"
"741","Smartphone","890"
"742","eCommerce Lists","343"
"743","Fitness","435","451","502","793","1003"
"744","Search Marketing","83","1030","1037"
"745","Travel Housing","19"
"746","Social Marketing","571"
"747","Search Forums","836"
"748","Mapping Images","1350"
"749","Cloud Hosting","962","1013"
"750","Products","204","234","343","366","386","529","691","1128","1232"
"751","Platform-as-a-Service","131","634","736","881","1175"
"752","Photos Semantics","842"
"753","Search SEO","50","1326"
"754","Music Comparisons","255"
"755","Mapping","98","150","186","225","440","446","460","496","497","505","509","515","516","517","522","543","556","556","646","731","732","750","751","759","777","785","800","839","866","911","959","1003","1021","1073","1075","1077","1077","1112","1142","1170","1229","1236","1278","1304","1344","1346","1356","1357","1367","1394","1397"
"756","Tools URL Shortener","810","949","1166"
"757","Education Management","1298"
"758","New York City","138"
"759","Sports Management","1137"
"760","Widgets","108","495","506","815","876","1100","1313"
"761","Travel Hotels","340","597","1184"
"762","Sustainability","79","337","439"
"763","Registration","24","368"
"764","Collecting","835"
"765","Transportation Aggregation","940"
"766","Cloud Datacenter","63"
"767","Postcards","359"
"768","Social Contacts","431"
"769","Auto API","1314"
"770","Campaigns","681","720","1138"
"771","Mapping Addresses","151","442","514","729","1343"
"772","Social Photos","906","1211","1321"
"773","Recommendations Classification","372"
"774","Hosting","63","199","576","740","774"
"775","Reference Guides","1002"
"776","Learning Management Systems Collaboration","776"
"777","Email Business","263","718"
"778","Email Customization","965"
"779","Photos Tools","617"
"780","Transportation Travel","277","1075","1192"
"781","Software-as-a-Service Cloud","238"
"782","Other Spreadsheets","1269"
"783","Music Data","788"
"784","Machine Learning Data Mining","1004"
"785","Video Community","1262"
"786","Canadian","133","204","442","1140","1231","1372"
"787","Blockchain","172","173","174","246"
"788","eCommerce Social","1316"
"789","Reference Calendars","589"
"790","Optimization","970"
"791","News Services Content","566"
"792","Marketing","234","359","389","431","455","468","624","633","681","683","718","720","733","970","1031","1032","1041","1074","1138","1270","1326","1395"
"793","Directories","573","734","977","1035","1373"
"794","Engagement","388","691","1031"
"795","Social Widgets","385","550"
"796","Demographics","608","777","1240"
"797","Enterprise Customer Relationship Management","865","1001","1009","1122","1249"
"798","Earthquakes","983"
"799","Telephony","11","37","215","233","291","462","769","850","867","918","1097","1106","1253","1396"
"800","Security Merchants","208"
"801","Photos Japanese","1056"
"802","Music Lyrics","120","217","713","789"
"803","Social Analytics","27","114","262","892","995","1083","1217","1264"
"804","Recommendations Search","780"
"805","Integration","60","204","238","269","435","951"
"806","Reference Library","689"
"807","Coupons Automation","266"
"808","Cloud Database","488"
"809","TV Actors","1201"
"810","News Services Bookmarks","310"
"811","Widgets Applications","1370"
"812","Reference Search","649","1319","1332"
"813","Search Adoption","895"
"814","Cloud","131","351","490","766","774","811","838","943","951","975","1006","1007","1039","1123"
"815","Tools Payments","885"
"816","API","359","412","573","644","835","1029","1059","1188"
"817","Emergency","983"
"818","Advertising eCommerce","1384"
"819","Voice","48","60","242","371","430","650","650","742","747","748","798","916","918","994","1063","1140","1195","1208"
"820","Merchants Billing","1046"
"821","Email Hosting","717"
"822","News Services Reference","1148"
"823","Messaging Advertising","867"
"824","Funding","178","670"
"825","Transportation Open Data","225"
"826","Social Scheduling","192","592"
"827","Science Data","823"
"828","Air Travel Booking","948"
"829","History","641"
"830","Applications Management","97"
"831","Financial Bitcoin","160","162","164","172","246","248","249","251","274","673","707","736","783","1265"
"832","B2B","211","633","951","1064"
"833","Tools Validation","662"
"834","File Sharing","172","238","391","1043","1069"
"835","Search Semantics","1028","1377"
"836","Wearable Fitness","764"
"837","Reference Dictionary","1238","1323"
"838","Photos Images","421","992","1055","1161"
"839","Language Tools","575"
"840","Payments Sales","672"
"841","Security Spam","534","897"
"842","Real Estate Banking","1391"
"843","Office Business","163"
"844","Music Audio","16","1091","1093"
"845","Learning Management Systems","405"
"846","eCommerce Database","477"
"847","Inventory","691","1178"
"848","Postal","359","446","729","925","1246"
"849","Invoicing Accounting","387"
"850","Office","324","370","536","583","642","666","925","1007","1009"
"851","Screenshots","359","1161"
"852","Merchants","686","936","1045"
"853","Events Entertainment","138"
"854","Reference Spelling","1365"
"855","Metadata","789","1159","1287","1288"
"856","Music Photos","796"
"857","Other Art","134","1282"
"858","Recommendations eCommerce","1158"
"859","Enterprise Data","352"
"860","Transportation Prices","1135"
"861","Agriculture","835"
"862","Widgets Gadgets","1105","1301"
"863","Contracts","835"
"864","Government Politics","855"
"865","Video Music","784"
"866","Database Storage","73"
"867","Social Feeds","95"
"868","Captcha","208"
"869","File Sharing Cloud","738"
"870","Comparisons","835","1005","1064","1071"
"871","Enterprise Ordering","1178"
"872","Words","394","1005"
"873","Customer Relationship Management","125","203","238","359","431","1392"
"874","Platform-as-a-Service Applications","951"
"875","Images Web Site Management","557"
"876","Social Entertainment","1202"
"877","Search Business","1372"
"878","Chat Video","742"
"879","Products Applications","934"
"880","Video Movies","284","1180"
"881","Financial Currency","214","273","280","374"
"882","Customization","931"
"883","Viewer","186","239","448","725","869","1057","1297"
"884","Database Reference","425"
"885","Fonts Design","503"
"886","Bitcoin API","204"
"887","Email OAuth","510"
"888","Food Mapping","133"
"889","Photos Humor","219"
"890","Telephony Media","371","798"
"891","Search Blogging","117","944","1096","1132","1139","1203"
"892","Bitcoin Canadian","206"
"893","eCommerce Merchants","305"
"894","Search Colors","357"
"895","eCommerce Comparisons","928","930","1051"
"896","Messaging Mobile","11","233","654","827","946"
"897","Entertainment Advertising","1000"
"898","Parsing Bots","882"
"899","Photos Recognition","378"
"900","Spam Email","85"
"901","Games","22","36","211","410","578","771","1098","1341"
"902","Software-as-a-Service","69","359","571"
"903","Merchants eCommerce","1047","1048"
"904","Drawing","1018"
"905","Science Annotations","745"
"906","Reference Barcodes","78"
"907","Events Search","1023"
"908","Transportation","348","477","605","605","752","753","880","1064","1245"
"909","Recommendations England","959"
"910","Time","338","939","1163"
"911","eCommerce Community","950"
"912","eCommerce Accounting","814"
"913","Mapping Mobile","239","445","508","706","726","1253","1296"
"914","Music Data Mining","1103"
"915","Tools Reporting","193"
"916","Events New York City","101"
"917","Project Management Business","570"
"918","Database Tools","505"
"919","Guides","369","435"
"920","Social Calendars","911"
"921","Cryptocurrency Bitcoin","159","922"
"922","Payments Bitcoin","157","173","174"
"923","Reference Directories","113"
"924","Other Blogging","737"
"925","Media Analytics","909"
"926","Health","113","278","392","416","613","634","764","819","1003"
"927","Transportation Belgian","647"
"928","Mapping Content","432"
"929","Mapping Data","725"
"930","Registry","145"
"931","Shipping eCommerce","1245"
"932","Sentiment Customer Relationship Management","452"
"933","Humor","31","219","898","898"
"934","Travel","12","56","123","179","180","258","412","709","940","948","959","998","1188","1189","1194","1222"
"935","Reference Books","480","848","964","1241"
"936","Blogging Advertising","397"
"937","Other Marketplace","1113"
"938","Reference Australian","1035"
"939","Medical Science","809"
"940","Billing","474","1138"
"941","Cryptocurrency Data","247","250"
"942","Security Enterprise","838"
"943","Purchasing Accounts","529"
"944","Location","287","293","514","558","983","1222"
"945","Calendars Events","10","269","482"
"946","Messaging Chat","1066","1068"
"947","Tools Content","598"
"948","Financial Data","1156"
"949","Identity Business","907"
"950","Security","39","185","629","744","766","918","1220","1300","1308"
"951","Lists","934","977","1119"
"952","Identity","380","486","552","859","909","1340"
"953","eCommerce Marketplace","67","360","659"
"954","Tools Text","1012"
"955","Translation","548","575","792"
"956","Backend-as-a-Service","359","835","952"
"957","Database API Management","226"
"958","Banking","122","204","487","627"
"959","Big Data","478","745","909","1005"
"960","Booking","52","56","340","1008","1184","1185","1187","1188"
"961","Q&amp;A Application Development","1108"
"962","Classification Social","1130"
"963","Office PDF","328","600"
"964","Monetization","1006"
"965","Social Authentication","454"
"966","Conversions","328","600","768"
"967","Application Development eCommerce","69"
"968","Real Time","131","204","211","247","293","330","352","434","522","637","747","748","766","767","874","970","983","1066","1099","1100","1144","1160","1222"
"969","Chat Animation","1275"
"970","File Sharing Media","14"
"971","PDF Documents","888"
"972","Auto Data-as-a-Service","746"
"973","Avatars","184","1275"
"974","Reference eCommerce","1115"
"975","Travel API","594"
"976","Search Law","527"
"977","German","147","617"
"978","eCommerce Referrals","135","572","924","1061","1279"
"979","Messaging Messaging","629"
"980","Machine Learning","309","758","909","1159"
"981","Invoicing","147","336","427","886","1038","1117","1179","1335"
"982","Voice Artificial Intelligence","476"
"983","Search Environment","337"
"984","Cloud Wearable","521"
"985","Chat","99","546","952","1285","1352"
"986","Music Widgets","564"
"987","Email Canadian","291"
"988","Backend Applications","791"
"989","Natural Language Processing News Services","821"
"990","Reference","20","142","223","294","334","392","394","433","463","519","611","620","641","688","713","745","760","788","971","1087","1109","1146","1151","1232","1372"
"991","Fashion","357","1051"
"992","Barcodes","483"
"993","Internet of Things Environment","278"
"994","Housing","93"
"995","Tools Language","792"
"996","Printing B2B","710"
"997","Graphics","18","1095","1230"
"998","Pets","322","895","980"
"999","Financial Stocks","501"
"1000","Telephony Data","194"
"1001","Marketplace","69","120","164","250","1245"
"1002","Blogging Social","118","607","697","1207","1324","1325"
"1003","Sports Aggregation","390"
"1004","Australian","794"
"1005","Financial Tools","768"
"1006","Home Automation Internet of Things","323"
"1007","Tools Applications","48","1385"
"1008","Social Customer Service","449"
"1009","Messaging","37","37","41","87","211","215","291","747","916","918","942","994","1063","1065","1116","1140","1141","1143","1195","1396"
"1010","Customer Service API Management","1039"
"1011","Geography","646"
"1012","Food Indian","1393"
"1013","Search Applications","495"
"1014","Hardware Artificial Intelligence","59"
"1015","Other Non-Profit","265"
"1016","Tools Business","989"
"1017","Payments Subscriptions","474"
"1018","Tools Reputation","262"
"1019","Data Mining","707","835","1005","1287"
"1020","Video Actors","404"
"1021","Education Charity","325"
"1022","eCommerce Auto","53"
"1023","Medical England","819"
"1024","Mapping 3D","500","923"
"1025","Ratings","96","934","977","1101"
"1026","Nutrition Food","416"
"1027","Advertising Semantics","1027"
"1028","Webcams","424","1286"
"1029","Booking Hotels","179"
"1030","Spanish","606","812"
"1031","Extraction","377","625","882","1198","1287"
"1032","Telephony Mobile","866","1062","1160"
"1033","Advertising","6","144","268","522","1337","1361"
"1034","Messaging Customization","925"
"1035","Testing","39","48","221","526","1181","1228"
"1036","Sports","22","24","25","137","409","728","808","1023","1099","1100","1112"
"1037","Entertainment Movies","620","1146"
"1038","Government Semantics","289"
"1039","Storage Cloud","74","314","499","744","859","961","1133"
"1040","Tasks","234","586","639","1171","1190","1269"
"1041","Messaging Notifications","943"
"1042","Events eCommerce","1119"
"1043","Video Customization","626"
"1044","Enterprise Reference","197"
"1045","Messaging Enterprise","462"
"1046","Events Marketing","368","1162"
"1047","Platform-as-a-Service Monitoring","61"
"1048","Other Events","33"
"1049","Travel Search","667","1071","1368"
"1050","Music Streaming","914"
"1051","Fitness Health","409","728"
"1052","Government Health","574"
"1053","Bots","184","1275"
"1054","Developers","238","1188"
"1055","Search Advertising","186"
"1056","Content","261","882","909","1006","1100","1188","1262"
"1057","Analytics Keywords","970"
"1058","Environment","212","358","362"
"1059","eCommerce Auctions","294"
"1060","Notifications","522","827","872","946","952"
"1061","Weather Mapping","862"
"1062","Reference Demographics","777"
"1063","Personal Information Management","613","639","1111"
"1064","Education Demographics","558"
"1065","Reference Enterprise","272","1329"
"1066","eCommerce Business","32","143","1045"
"1067","Other Environment","1315"
"1068","Social Application Development","244"
"1069","Mapping Location","152","518"
"1070","Social Media","621"
"1071","Backup","921"
"1072","Science","212","355","806","1016","1109"
"1073","Editing","111","626","888","992","1120"
"1074","Mapping Social","512"
"1075","Tools Project Management","292"
"1076","Storage Platform-as-a-Service","544"
"1077","eCommerce Advertising","70"
"1078","Photos Printing","775"
"1079","Photos Postcards","1174"
"1080","Feedback","989"
"1081","Media Catalogs","128"
"1082","Payments Games","382"
"1083","Video Media","699","1380"
"1084","Tools Real Time","945"
"1085","Real Time Notifications","675"
"1086","Coupons eCommerce","1270"
"1087","Data Business","165"
"1088","Museums","1016"
"1089","Management","48","199","529","559","805","1269"
"1090","Police","983"
"1091","Search Photos","1345"
"1092","Events Tickets","191"
"1093","Marketing Advertising","359"
"1094","Other Referrals","1041"
"1095","Time Tracking","427","666","1038","1327","1328"
"1096","Tools Polls","326"
